{
  "randomforest": {
    "temperature": {
      "mae": 0.07826028275187713,
      "rmse": 0.3415359823634205,
      "r2": 0.9222517494530876,
      "data_points": 1976,
      "target": "temperature",
      "n_features": 13
    },
    "humidity": {
      "mae": 0.23912467836767817,
      "rmse": 1.0899329259553163,
      "r2": 0.9847871898205501,
      "data_points": 1976,
      "target": "humidity",
      "n_features": 13
    },
    "aqi": {
      "mae": 2.7119015001666624,
      "rmse": 4.211451765310962,
      "r2": 0.8925214731520328,
      "data_points": 1972,
      "target": "aqi",
      "n_features": 13
    }
  }
}